tour,id,title,type,order,location,lat,lng,zoom,venue,date,thumbnail,url,excerpt
career,tyler,Tyler Technologies,job,1,"Latham, NY",42.75685,-73.8228,,,Aug. 2016 – Present,,,"Increased communication between departments by building an internal tracking website that visualizes project status, assignments, and estimated completion dates."
career,landmark,Landmark Archaeology,job,3,"Altamont, NY",42.70011,-73.99513,,,June 2016–Aug. 2016,,,"Recommended a GNSS receiver upgrade that cut field data collection time by 50%, increasing the amount of data collected per day."
career,uwm,University of Wisconsin–Madison,school,2,"Madison, WI",43.073885,-89.4109526,,,Aug. 2017–Aug. 2018,,,"Master of Science, Cartography and GIS"
career,alpine,Alpine Archaeological Consultants,job,5,"Montrose, CO",38.47132,-107.87024,,,Nov. 2009–June 2016,,,"Built a Python tool that auto-generates a rough-draft archaeological site map from field data, boosting mapping efficiency by 30%."
career,western,Western Land Services,job,6,"Sheridan, WY",44.73995,-106.94674,,,Aug. 2005–Apr. 2009,,,Archaeological GIS Specialist
career,auditor,St. Joseph County Auditor's Office,job,7,"South Bend, IN",41.6754,-86.25309,,,May 2004–July 2005,,,GIS Coordinator
career,csu,Colorado State University,school,4,"Fort Collins, CO",40.5749824,-105.0838675,,,Aug. 2014–Dec. 2016,,,"Bachelor of Arts, Anthropology — Summa Cum Laude"
career,smc,Southwestern Michigan College,school,8,"Dowagiac, MI",41.94796,-86.07805,,,Aug. 2002–Apr. 2005,,,Associate of Arts
cartography,canyonlands-np,Canyonlands National Park,cartography,1,"Canyonlands National Park, UT",38.46,-109.8203,9.5,,,assets/cartography/thumbs/Canyonlands-National-Park-thumb.png,assets/cartography/Canyonlands%20National%20Park.png,'Here Comes the Sun' styled map
cartography,mt-tuk,Mt. Tukuhnikivatz,cartography,2,"La Sal Mountains, Southeastern UT",38.4394,-109.2814,11,,,assets/cartography/thumbs/Mt-Tuk-thumb.png,assets/cartography/Mt%20Tuk.png,'Sunrise' styled map with 'Paper Cut' inset
cartography,great-sand-dunes-np,Great Sand Dunes National Park & Preserve,cartography,3,"Great Sand Dunes National Park & Preserve, CO",37.7916,-105.5943,10,,,assets/cartography/thumbs/Great-Sand-Dunes-thumb.png,assets/cartography/Great%20Sand%20Dunes%20National%20Park%20&%20Preserve.png,"'Imhof' style, 3D perspective, national park map series"
cartography,black-canyon-gunnison,Black Canyon of the Gunnison National Park,cartography,4,"Black Canyon of the Gunnison National Park, CO",38.5754,-107.7416,10.5,,,assets/cartography/thumbs/Black-Canyon-Gunnison-thumb.png,assets/cartography/Black%20Canyon%20of%20the%20Gunnison%20National%20Park.png,"'Imhof' style, 3D perspective, national park map series"
cartography,devils-tower-nm,Devils Tower National Monument,cartography,5,"Devils Tower National Monument, WY",44.5902,-104.7145,12,,,assets/cartography/thumbs/Devils-Tower-NM-thumb.png,assets/cartography/Devils%20Tower%20National%20Monument.png,"'Imhof' style, 3D perspective, national park map series"
cartography,gtnp-3d,Grand Teton National Park (3D),cartography,6,"Grand Teton National Park, WY",43.7904,-110.6818,9.5,,,assets/cartography/thumbs/GTNP_3D-thumb.png,assets/cartography/GTNP_3D.png,3D perspective map
cartography,wyoming-map,Wyoming,cartography,7,"Statewide, WY",43,-107.55,6,,,assets/cartography/thumbs/WyomingMap-thumb.png,assets/cartography/WyomingMap.png,Physical geography map of the state of Wyoming
cartography,aztec-ruins-nm,Aztec Ruins National Monument,cartography,8,"Aztec Ruins National Monument, NM",36.8378,-107.9997,13,,,assets/cartography/thumbs/Aztec-Ruins-thumb.png,assets/cartography/Aztec%20Ruins%20National%20Monument.png,"'Imhof' style, 3D perspective, national park map series"
cartography,channel-islands-np,Channel Islands National Park,cartography,9,"Channel Islands National Park, CA",34.0069,-119.7785,8.5,,,assets/cartography/thumbs/ChannelIslandsNP-thumb.png,assets/cartography/ChannelIslandsNP.png,3D perspective map
cartography,st-joseph-county,St. Joseph County,cartography,10,"St. Joseph County, IN",41.6764,-86.252,9.5,,,assets/cartography/thumbs/StJosephCounty-thumb.png,assets/cartography/StJosephCounty_PaperCut.png,Surface topography shown using the 'Paper Cut' style
cartography,watercolor-map-layout,Great Lakes (Watercolor Style),cartography,11,Great Lakes region,44.5,-83.2,5.5,,,assets/cartography/thumbs/WatercolorMapLayout-thumb.png,assets/cartography/WatercolorMapLayout.png,'Watercolor' styled map showing the Great Lakes
cartography,ambient-illumination,Lake Michigan (Ambient Illumination),cartography,12,"Center of the Lower Peninsula, MI",44.3,-84.7,6.5,,,assets/cartography/thumbs/AmbientIllumintaion-thumb.png,assets/cartography/AmbientIllumintaion.png,Ambient illumination hillshade with various blend modes
cartography,log-sea-of-cortez,Log from the Sea of Cortez,cartography,13,Gulf of California / Sea of Cortez,27,-111,5,,,assets/cartography/thumbs/Log-Sea-of-Cortez-thumb.png,assets/cartography/Log%20from%20the%20Sea%20of%20Cortez.png,Route of the Western Flyer during the events of 'The Log from the Sea of Cortez' by John Steinbeck
watercolor,defiance-house,Defiance House,watercolor,1,"Defiance House ruin, Glen Canyon NRA, UT",37.397,-110.936,,,,img/watercolors/thumbs/Defiance-House-thumb.jpg,img/watercolors/Defiance%20House.jpg,
watercolor,buckhorn-angel,Buckhorn Angel,watercolor,2,"Buckhorn Wash Pictograph Site, San Rafael Swell, UT",39.1725,-110.6875,,,,img/watercolors/thumbs/Buckhorn-Angel-thumb.jpg,img/watercolors/Buckhorn%20Angel.jpg,
watercolor,ft-ruin-bottom,Ft. Ruin Bottom,watercolor,3,"San Rafael Swell area, UT",38.44868041,-110.0274207,,,,img/watercolors/thumbs/Ft-Ruin-Bottom-thumb.jpg,img/watercolors/Ft%20Ruin%20Bottom.jpg,
watercolor,dolores-river-canyon,Dolores River Canyon,watercolor,4,"Dolores River Canyon, CO",38.55958404,-108.917905,,,,img/watercolors/thumbs/Dolores-River-Canyon-thumb.jpg,img/watercolors/Dolores%20River%20Canyon.jpg,
watercolor,driggs-mansion-1,Driggs Mansion No. 1,watercolor,5,"Driggs Mansion, CO",38.77105554,-108.7331667,,,,img/watercolors/thumbs/Driggs-Mansion-1-thumb.jpg,img/watercolors/Driggs%20Mansion%201.jpg,
watercolor,driggs-mansion-2,Driggs Mansion No. 2,watercolor,6,"Driggs Mansion, CO",38.77105554,-108.7331667,,,,img/watercolors/thumbs/Driggs-Mansion-2-thumb.jpg,img/watercolors/Driggs%20Mansion%202.jpg,
watercolor,elks-lodge,Elk's Lodge,watercolor,7,"Ouray, CO",38.02125635,-107.6712744,,,,img/watercolors/thumbs/Elks-Lodge-thumb.jpg,img/watercolors/Elk's%20Lodge.jpg,
watercolor,mato-tipi,Mato Tipi,watercolor,8,"Devils Tower, WY",44.5902,-104.7145,,,,img/watercolors/thumbs/Mato-Tipi-thumb.jpg,img/watercolors/Mato%20Tipi.jpg,
watercolor,row-tree,R.O.W Tree,watercolor,9,"Black Hills, WY",44.0997,-104.5636,,,,img/watercolors/thumbs/ROW-Tree-thumb.jpg,img/watercolors/ROW%20Tree.jpg,
watercolor,badlands-tipi,Badlands Tipi,watercolor,10,"Badlands National Park, SD",43.75,-101.9333,,,,img/watercolors/thumbs/Badlands-Tipi-thumb.jpg,img/watercolors/Badlands%20Tipi.jpg,
watercolor,medicine-wheel,Medicine Wheel,watercolor,11,"Bighorn Mountains, WY",44.8267,-107.9219,,,,img/watercolors/thumbs/Medicine-Wheel-thumb.jpg,img/watercolors/Medicine%20Wheel.jpg,
watercolor,old-faithful,Old Faithful,watercolor,12,"Yellowstone National Park, WY",44.4605,-110.8281,,,,img/watercolors/thumbs/Old-Faithful-thumb.jpg,img/watercolors/Old%20Faithful.jpg,
watercolor,yellowstone-falls,Yellowstone Falls,watercolor,13,"Yellowstone National Park, WY",44.7197,-110.4977,,,,img/watercolors/thumbs/Yellowstone-Falls-thumb.jpg,img/watercolors/Yellowstone%20Falls.jpg,
watercolor,boathouse-yellowstone,Boathouse in Yellowstone,watercolor,14,"Yellowstone Lake shore, Yellowstone National Park, WY",44.5555,-110.4028,,,,img/watercolors/thumbs/Boathouse-in-Yellowstone-thumb.jpg,img/watercolors/Boathouse%20in%20Yesllowstone.jpg,
watercolor,port-townsend,Port Townsend,watercolor,15,"Port Townsend, WA",48.1173,-122.7604,,,,img/watercolors/thumbs/Port-Townsend-thumb.jpg,img/watercolors/Port%20Townsend.jpg,
watercolor,indiana-dunes-1,Indiana Dunes No. 1,watercolor,16,"Indiana Dunes National Park, IN",41.6625,-87.0575,,,,img/watercolors/thumbs/Indiana-Dunes-1-thumb.jpg,img/watercolors/Indiana%20Dunes%201.jpg,
writing,stapled-pages,Stapled Pages,writing,1,"Schenectady, NY",42.8142,-73.9396,,Under the Gum Tree,Forthcoming,,,I didn't need him to say “I love you.” I felt it.
writing,border-of-their-kingdoms,The Border of Their Kingdoms,writing,2,"Schenectady, NY",42.8142,-73.9396,,"Sky Island Journal, Issue 36",Summer 2026,,https://www.skyislandjournal.com/s/Seth-Frame_Creative-Nonfiction_The-Border-of-Their-Kingdoms-aee6.docx,"I lie at the border of their kingdoms of sleep, careful not to tip the balance."
writing,something-carried-back-down,Something Carried Back Down,writing,3,"Prospect Mountain, NY",43.427,-73.7132,,Muleskinner Journal,2026,,https://www.muleskinnerjournal.com/something-carried-back-down,I had spent my whole life looking at distance. I just hadn't known it could stand up.
writing,black-caps,Black-Caps,writing,4,"Stone Ridge, NY",41.8232,-74.1204,,The Argyle,Mar. 2026,,https://www.theargylelitmag.com/nonfiction-4/black-caps,"Along the fence were rows of wild black-caps, their fruits falling away at a touch."
writing,water-in-the-wall,Water in the Wall,writing,5,"Aztec Ruins, NM",36.8378,-107.9997,,"Thin Places Journal, Issue Two",Jul. 2026,,https://thin-places.org/wp-content/uploads/2026/07/thin-places-issue-two-8.pdf,The green stone remains inside the wall.
writing,gods-of-heat-and-wind,The Gods of Heat and Wind,writing,6,"Fort Bottom Ruins, Canyonlands, UT",38.42,-109.96,,"Thomasonian, Issue 2",,,https://readthomasonian.my.canva.site/issue-2/the-gods-of-heat-and-wind,I thanked the gods who helped me get back to the car. I cursed the gods who tried to blow me off the rock.
writing,gestures-not-songs,"Gestures, Not Songs",writing,7,"Kaycee, WY",43.7247,-106.6382,,"Sky Island Journal, Issue 35",Spring 2026,,https://www.skyislandjournal.com/s/Seth-Frame_Creative-Nonfiction_Gestures-Not-Songs.docx,We reconstruct gestures but not songs.
writing,what-the-lake-holds,What the Lake Holds,writing,8,"Indiana Dunes National Park, IN",41.6625,-87.0575,,Great Lakes Review,Forthcoming,,,The lake holds what I cannot release.
writing,soft-edged-stars,Soft-Edged Stars,writing,9,"Guadalupe Peak, TX",31.8912,-104.8608,,Blood+Honey,Jan. 2026,,https://www.bloodhoneylit.com/cnf/soft-edged-stars,It was enough simply to be there.
